aidx,assay_category,assay_cell_type,assay_chembl_id,assay_classifications,assay_group,assay_organism,assay_parameters,assay_strain,assay_subcellular_fraction,assay_tax_id,assay_test_type,assay_tissue,assay_type,assay_type_description,bao_format,bao_label,cell_chembl_id,confidence_score,description,document_chembl_id,src_assay_id,src_id,relationship_type,target_chembl_id,tissue_chembl_id,variant_sequence.isoform,variant_sequence.mutation,variant_sequence.sequence
CLD0,,,CHEMBL755961,[],,Cavia porcellus,[],,Membrane,10141,,Brain,B,Binding,BAO_0000019,assay format,,9,Binding affinity of Opioid receptor mu 1 by the displacement of mu-selective [3H]DAGO from brain membrane preparations.,CHEMBL1123636,,1,D,CHEMBL4354,CHEMBL3638188,,,
CLD0,,,CHEMBL752187,[],,Cavia porcellus,[],,Membrane,10141,,Brain,B,Binding,BAO_0000249,cell membrane format,,9,Displacement of [3H]naloxone from Opioid receptor mu 1 in guinea pig brain membrane,CHEMBL1123225,,1,D,CHEMBL4354,CHEMBL3638188,,,
CLD0,,,CHEMBL804227,[],,Human immunodeficiency virus 1,[],,,11676,,,B,Binding,BAO_0000357,single protein format,,9,HIV-1 reverse transcriptase inhibitory activity against Wild Type Reverse transcriptase using (poly)rC600*(oligo)dGT as template primer.,CHEMBL1132432,,1,D,CHEMBL247,,,,
CLD0,,,CHEMBL798926,[],,Human immunodeficiency virus 1,[],,,11676,,,B,Binding,BAO_0000357,single protein format,,9,Inhibition of purified recombinant HIV-1 reverse transcriptase,CHEMBL1131738,,1,D,CHEMBL247,,,,
CLD0,,,CHEMBL882853,[],,Human immunodeficiency virus 1,[],,,11676,,,B,Binding,BAO_0000357,single protein format,,9,Inhibition of HIV-1 Mutant HIV-1 RT enzymes containing the single amino acid substitution K103N,CHEMBL1134834,,1,D,CHEMBL247,,1.0,K103N,PISPIXTVPVKLKPGMDGPKVKQWPLTEEKIKALTEICTEMEKEGKIEKIGPENPYNTPVFAIKKKDSTKWRKVVDFRELNKRTQDFWEVQLGIPHPAGLKKNKSVTVLDVGDAYFSVPLDKDFRKYTAFTIPSINNETPGIRYQYNVLPQGWKGSPAIFQSSMTKILEPFRKQNPDIVIYQYMDDLYVGSDLEIEQHRAKIEELRQHLLRWGFTTPDKKHQKEPPFLWMGYELHPDKWTVQPIVLPEKDSWTVNXXXX
CLD0,,,CHEMBL801173,[],,Human immunodeficiency virus 1,[],,,11676,,,B,Binding,BAO_0000357,single protein format,,9,Inhibition of HIV-1 Mutant HIV-1 RT enzymes containing the single amino acid substitution L1001,CHEMBL1134834,,1,D,CHEMBL247,,,,
CLD0,,,CHEMBL801174,[],,Human immunodeficiency virus 1,[],,,11676,,,B,Binding,BAO_0000357,single protein format,,9,Inhibition of HIV-1 Mutant HIV-1 RT enzymes containing the single amino acid substitution V106A,CHEMBL1134834,,1,D,CHEMBL247,,1.0,V106A,PISPIETVPVKLKPGMDGPKVKQWPLTEEKIKALVEICTEMEKEGKISKIGPENPYNTPVFAIKKKDSTKWRKLVDFRELNKRTQDFWEVQLGIPHPAGLKKRKSATVLDVGDAYFSVPLDEDFRKYTAFTIPSINNETPGIRYQYNVLPQGWKGSPAIFQSSMTKILEPFRKQNPDIVIYQYMDDLYVGSDLEIGQHRTKIEELRQHLLRWGLTTPDKKHQKEPPFLWMGYELHPDKWTVQPIVLPEKDSWTVNDIQKLVGKLNWASQIYPGIRVRQLCKLLRGTKALTEVIPLTEEAELELAENREILKEPVHGVYYDPSKDLIAEIQKQGQGQWTYQIYQEPFKNLRTGKYARMRGAHTNDVKQLTEAVQKITTESIVIWGKTPKFKLPIQKETWETWWTEYWQATWIPEWEFVNTPPLVKLWYQLEKEPIVGAETFYVDGAANRETKLGKAGYVTNRGRQKVVTLTDTTNQKTELQAIYLALQDSGLEVNIVTDSQYALGIIQAQPDQSESELVNQIIEQLIKKEKVYLAWVPAHKGIGGNEQVDKLVSAGIRKVLFLDGID
CLD0,,,CHEMBL801176,[],,Human immunodeficiency virus 1,[],,,11676,,,B,Binding,BAO_0000357,single protein format,,9,Inhibition of HIV-1 Mutant HIV-1 RT enzymes containing the single amino acid substitution Y181I,CHEMBL1134834,,1,D,CHEMBL247,,1.0,Y181I,PISPIETVPVKLKPGMDGPKVKQWPLTEEKIKALVEICTEMEKEGKISKIGPENPYNTPVFAIKKKDSTKWRKLVDFRELNKRTQDFWEVQLGIPHPAGLKKRKSVTVLDVGDAYFSVPLDEDFRKYTAFTIPSINNETPGIRYQYNVLPQGWKGSPAIFQSSMTKILEPFRKQNPDIVIIQYMDDLYVGSDLEIGQHRTKIEELRQHLLRWGLTTPDKKHQKEPPFLWMGYELHPDKWTVQPIVLPEKDSWTVNDIQKLVGKLNWASQIYPGIRVRQLCKLLRGTKALTEVIPLTEEAELELAENREILKEPVHGVYYDPSKDLIAEIQKQGQGQWTYQIYQEPFKNLRTGKYARMRGAHTNDVKQLTEAVQKITTESIVIWGKTPKFKLPIQKETWETWWTEYWQATWIPEWEFVNTPPLVKLWYQLEKEPIVGAETFYVDGAANRETKLGKAGYVTNRGRQKVVTLTDTTNQKTELQAIYLALQDSGLEVNIVTDSQYALGIIQAQPDQSESELVNQIIEQLIKKEKVYLAWVPAHKGIGGNEQVDKLVSAGIRKVLFLDGID
CLD0,,,CHEMBL803636,[],,Human immunodeficiency virus 1,[],,,11676,,,B,Binding,BAO_0000357,single protein format,,9,Inhibition of HIV-1 wild-type RT,CHEMBL1134834,,1,D,CHEMBL247,,,,
CLD0,,,CHEMBL802548,[],,Human immunodeficiency virus 1,[],,,11676,,,B,Binding,BAO_0000357,single protein format,,9,Inhibitory concentration against wild-type reverse transcriptase of HIV-1,CHEMBL1148482,,1,D,CHEMBL247,,,,
CLD0,,,CHEMBL798389,[],,Human immunodeficiency virus 1,[],,,11676,,,B,Binding,BAO_0000357,single protein format,,9,Concentration required to inhibit the HIV-1 reverse transcriptase activity by 50%.,CHEMBL1132584,,1,D,CHEMBL247,,,,
CLD0,,,CHEMBL804311,[],,Human immunodeficiency virus 1,[],,,11676,,,B,Binding,BAO_0000357,single protein format,,9,HIV-1 reverse transcriptase inhibitory activity against Asn103 mutant using (poly)rC600*(oligo)dGT as template primer.,CHEMBL1132432,,1,D,CHEMBL247,,,,
CLD0,,,CHEMBL804312,[],,Human immunodeficiency virus 1,[],,,11676,,,B,Binding,BAO_0000357,single protein format,,9,HIV-1 reverse transcriptase inhibitory activity against Cys181 mutant using (poly)rC600*(oligo)dGT as template primer.,CHEMBL1132432,,1,D,CHEMBL247,,,,
CLD0,,,CHEMBL804313,[],,Human immunodeficiency virus 1,[],,,11676,,,B,Binding,BAO_0000357,single protein format,,9,HIV-1 reverse transcriptase inhibitory activity against Ile 100 mutant using (poly)rC600*(oligo)dGT as template primer.,CHEMBL1132432,,1,D,CHEMBL247,,,,
CLD0,,,CHEMBL800926,[],,Human immunodeficiency virus 1,[],,,11676,,,B,Binding,BAO_0000357,single protein format,,9,In vitro inhibition of mutant P236L recombinant reverse transcriptase of HIV-1 IIIB,CHEMBL1129647,,1,D,CHEMBL247,,1.0,P236L,PISPIETVPVKLKPGMDGPKVKQWPLTEEKIKALVEICTEMEKEGKISKIGPENPYNTPVFAIKKKDSTKWRKLVDFRELNKRTQDFWEVQLGIPHPAGLKKRKSVTVLDVGDAYFSVPLDEDFRKYTAFTIPSINNETPGIRYQYNVLPQGWKGSPAIFQSSMTKILEPFRKQNPDIVIYQYMDDLYVGSDLEIGQHRTKIEELRQHLLRWGLTTPDKKHQKEPPFLWMGYELHLDKWTVQPIVLPEKDSWTVNDIQKLVGKLNWASQIYPGIRVRQLCKLLRGTKALTEVIPLTEEAELELAENREILKEPVHGVYYDPSKDLIAEIQKQGQGQWTYQIYQEPFKNLRTGKYARMRGAHTNDVKQLTEAVQKITTESIVIWGKTPKFKLPIQKETWETWWTEYWQATWIPEWEFVNTPPLVKLWYQLEKEPIVGAETFYVDGAANRETKLGKAGYVTNRGRQKVVTLTDTTNQKTELQAIYLALQDSGLEVNIVTDSQYALGIIQAQPDQSESELVNQIIEQLIKKEKVYLAWVPAHKGIGGNEQVDKLVSAGIRKVLFLDGID
CLD0,,,CHEMBL802758,[],,Human immunodeficiency virus 1,[],,,11676,,,B,Binding,BAO_0000357,single protein format,,9,In vitro inhibition of recombinant reverse transcriptase (WT) of HIV-1 IIIB,CHEMBL1129647,,1,D,CHEMBL247,,,,
CLD0,,,CHEMBL802599,[],,Human immunodeficiency virus 1,[],,,11676,,,B,Binding,BAO_0000357,single protein format,,9,Inhibitory activity against HIV-1 Y181C Reverse transcriptase (RT),CHEMBL1128204,,1,D,CHEMBL247,,1.0,Y181C,PISPIETVPVKLKPGMDGPKVKQWPLTEEKIKALVEICTEMEKEGKISKIGPENPYNTPVFAIKKKDSTKWRKLVDFRELNKRTQDFWEVQLGIPHPAGLKKRKSVTVLDVGDAYFSVPLDEDFRKYTAFTIPSINNETPGIRYQYNVLPQGWKGSPAIFQSSMTKILEPFRKQNPDIVICQYMDDLYVGSDLEIGQHRTKIEELRQHLLRWGLTTPDKKHQKEPPFLWMGYELHPDKWTVQPIVLPEKDSWTVNDIQKLVGKLNWASQIYPGIRVRQLCKLLRGTKALTEVIPLTEEAELELAENREILKEPVHGVYYDPSKDLIAEIQKQGQGQWTYQIYQEPFKNLRTGKYARMRGAHTNDVKQLTEAVQKITTESIVIWGKTPKFKLPIQKETWETWWTEYWQATWIPEWEFVNTPPLVKLWYQLEKEPIVGAETFYVDGAANRETKLGKAGYVTNRGRQKVVTLTDTTNQKTELQAIYLALQDSGLEVNIVTDSQYALGIIQAQPDQSESELVNQIIEQLIKKEKVYLAWVPAHKGIGGNEQVDKLVSAGIRKVLFLDGID
CLD0,,,CHEMBL800579,[],,Human immunodeficiency virus 1,[],,,11676,,,B,Binding,BAO_0000357,single protein format,,9,Inhibitory activity against HIV rRT activity in wild type IIIB strain,CHEMBL1129665,,1,D,CHEMBL247,,,,
CLD0,,,CHEMBL800589,[],,Human immunodeficiency virus 1,[],,,11676,,,B,Binding,BAO_0000357,single protein format,,9,Inhibitory concentration against HIV-1 wild type Reverse transcriptase (RT),CHEMBL1128204,,1,D,CHEMBL247,,,,
